{"            14_RTAFNet_baseline": {"valid_runtime": [3441.14794921875, 1206.1927490234375, 1857.9713134765625, 1052.4609375, 1360.1866455078125, 1207.3658447265625, 991.521240234375, 1208.2200927734375, 1209.2061767578125, 1361.64111328125, 1208.6968994140625, 1364.27587890625, 1304.5240478515625, 1209.1702880859375, 1210.1077880859375, 1210.4542236328125, 1365.7132568359375, 1365.5819091796875, 1212.5501708984375, 1212.20166015625, 1211.87744140625, 2746.099853515625, 1137.783447265625, 1213.40283203125, 1213.0106201171875, 1367.3582763671875, 1368.6455078125, 1214.673095703125, 1216.02978515625, 705.4618530273438, 1215.3984375, 1214.90234375, 1382.979736328125, 1216.5643310546875, 1463.58837890625, 1370.9490966796875, 1217.7862548828125, 1217.263427734375, 1217.99560546875, 1218.4642333984375, 1218.55078125, 1218.36328125, 1218.7039794921875, 1242.37255859375, 1219.8021240234375, 1231.54443359375, 1241.675048828125, 1374.247802734375, 1220.6915283203125, 1219.4329833984375, 1200.958251953125, 1014.1632080078125, 1220.6590576171875, 938.1928100585938, 3491.038818359375, 1220.9764404296875, 1277.526611328125, 1223.6397705078125, 1220.4964599609375, 1376.9481201171875, 1222.178955078125, 1221.9005126953125, 1363.5927734375, 1222.8438720703125, 1377.68603515625, 1244.91357421875, 1244.97607421875, 1221.001953125, 1245.5732421875, 1408.95361328125, 1223.2958984375, 1222.65087890625, 1223.52490234375, 1223.85986328125, 1379.88037109375, 1223.893798828125, 1016.582763671875, 1572.3233642578125, 1679.00537109375, 1247.027099609375, 1122.4188232421875, 1225.184814453125, 1236.5523681640625, 1224.6507568359375, 1225.31689453125, 1223.941162109375, 1225.29638671875, 1226.2738037109375, 1224.4193115234375, 1237.8377685546875, 1503.1015625, 1149.275146484375, 1225.0987548828125, 1248.34814453125, 1150.0701904296875, 1225.0966796875, 1239.4217529296875, 1225.7591552734375, 1227.032958984375, 1018.6676025390625], "valid_psnr": [29.30200924663588, 32.5044113032419, 36.895585041066866, 29.148811998136374, 29.183124392420332, 31.277093270741616, 24.037273740724807, 29.2715955321742, 30.57418157734992, 29.83254191172561, 29.4051317371496, 30.785687996539775, 32.127897428096944, 32.425742926367775, 32.21098743803359, 31.49150624251293, 30.991830753644315, 30.70054163203245, 28.527368900062065, 29.408658630916275, 32.8574176700109, 30.15781795213307, 29.327892007261926, 31.60554467661224, 29.665365400395135, 28.74071995118073, 34.32792667215076, 34.38115867803495, 27.5492447801153, 28.310595591825795, 32.10312221812064, 31.276878208632564, 35.041087747032634, 28.364705822569142, 25.93103992788347, 30.626085057449508, 29.026508807503436, 34.874623384082206, 29.781513551981877, 29.21135601161795, 30.937723955308627, 30.655552937014114, 40.109134556202726, 38.93598148553716, 30.85961802389499, 32.0775153580363, 30.23797678562877, 29.687206239915803, 26.685653543177295, 30.900608923704095, 32.08191168598498, 30.36308646550754, 33.703107658988074, 27.70598580277507, 30.53162207772157, 26.152180755987395, 33.91048806845069, 28.609658648721958, 27.163670811729396, 25.084785100445536, 28.254535453803907, 33.027672410258084, 32.679895771861844, 30.461575099662998, 29.469262860893572, 27.55137662619707, 30.62613381140739, 35.4457366821235, 28.705579149805274, 28.95142911074069, 31.562190104593746, 26.73924584546128, 28.138628296851024, 30.485324363252623, 27.022776062923725, 25.661124311003455, 36.18142157813423, 31.932922793841083, 31.926579847617, 31.999512927403853, 29.24958416500879, 34.03276015757833, 27.71134405432852, 28.79031133050523, 26.393696991812536, 34.84474635100614, 28.071439918491464, 31.32455956340219, 30.048001380251108, 28.010400703642993, 30.92939688759141, 32.875848275160656, 32.592314148623686, 32.14281972164626, 24.34801402877141, 37.611532628581294, 24.96669148977056, 34.21700057603712, 33.25874212821019, 30.70571625486838], "valid_memory": 11253.07275390625, "valid_ave_runtime": 1304.4883776855468, "valid_ave_psnr": 30.586038985640233, "activations": 678.34112, "num_conv": 476, "flops": 132.938366976, "num_parameters": 261.461126}}